{
  "protocolSection": {
    "identificationModule": {
      "nctId": "NCT04746924",
      "orgStudyIdInfo": {
        "id": "AdvanTIG-302"
      },
      "secondaryIdInfos": [
        {
          "id": "BGB-A317-A1217-302",
          "type": "OTHER",
          "domain": "BeiGene"
        },
        {
          "id": "CTR20211476/CTR20211464",
          "type": "OTHER",
          "domain": "ChinaDrugTrials"
        },
        {
          "id": "2020-004985-21",
          "type": "EUDRACT_NUMBER"
        }
      ],
      "organization": {
        "fullName": "BeiGene",
        "class": "INDUSTRY"
      },
      "briefTitle": "A Study of Ociperlimab With Tislelizumab Compared to Pembrolizumab in Participants With Untreated Lung Cancer",
      "officialTitle": "A Phase 3, Randomized, Double-Blind Study of Ociperlimab, an Anti-TIGIT Antibody, in Combination With Tislelizumab Compared to Pembrolizumab in Patients With Previously Untreated, PD-L1-Selected, and Locally Advanced, Unresectable, or Metastatic Non-Small Cell Lung Cancer"
    },
    "statusModule": {
      "statusVerifiedDate": "2025-06",
      "overallStatus": "ACTIVE_NOT_RECRUITING",
      "expandedAccessInfo": {
        "hasExpandedAccess": false
      },
      "startDateStruct": {
        "date": "2021-06-08",
        "type": "ACTUAL"
      },
      "primaryCompletionDateStruct": {
        "date": "2025-05-30",
        "type": "ACTUAL"
      },
      "completionDateStruct": {
        "date": "2026-03-31",
        "type": "ESTIMATED"
      },
      "studyFirstSubmitDate": "2021-02-05",
      "studyFirstSubmitQcDate": "2021-02-05",
      "studyFirstPostDateStruct": {
        "date": "2021-02-10",
        "type": "ACTUAL"
      },
      "lastUpdateSubmitDate": "2025-06-23",
      "lastUpdatePostDateStruct": {
        "date": "2025-06-24",
        "type": "ACTUAL"
      }
    },
    "sponsorCollaboratorsModule": {
      "responsibleParty": {
        "type": "SPONSOR"
      },
      "leadSponsor": {
        "name": "BeiGene",
        "class": "INDUSTRY"
      }
    },
    "oversightModule": {
      "oversightHasDmc": true,
      "isFdaRegulatedDrug": true,
      "isFdaRegulatedDevice": false
    },
    "descriptionModule": {
      "briefSummary": "The purpose of this study is to evaluate the efficacy and safety of ociperlimab + tislelizumab compared with that of pembrolizumab in adults with PD-L1 high, locally advanced/recurrent or untreated metastatic NSCLC."
    },
    "conditionsModule": {
      "conditions": [
        "Non-small Cell Lung Cancer",
        "NSCLC"
      ],
      "keywords": [
        "Locally Advanced",
        "Unresectable",
        "Metastatic",
        "Tislelizumab",
        "BGB-A317",
        "Ociperlimab",
        "BGB-A1217",
        "Pembrolizumab",
        "Anti-TIGIT"
      ]
    },
    "designModule": {
      "studyType": "INTERVENTIONAL",
      "phases": [
        "PHASE3"
      ],
      "designInfo": {
        "allocation": "RANDOMIZED",
        "interventionModel": "PARALLEL",
        "primaryPurpose": "TREATMENT",
        "maskingInfo": {
          "masking": "TRIPLE",
          "whoMasked": [
            "PARTICIPANT",
            "CARE_PROVIDER",
            "INVESTIGATOR"
          ]
        }
      },
      "enrollmentInfo": {
        "count": 662,
        "type": "ACTUAL"
      }
    },
    "armsInterventionsModule": {
      "armGroups": [
        {
          "label": "Arm A: Tislelizumab plus Ociperlimab",
          "type": "EXPERIMENTAL",
          "description": "Participants will receive tislelizumab 200 milligrams (mg) intravenously followed by ociperlimab 900 mg intravenously once every 3 weeks.",
          "interventionNames": [
            "Drug: Tislelizumab",
            "Drug: Ociperlimab"
          ]
        },
        {
          "label": "Arm B: Pembrolizumab plus Placebo",
          "type": "ACTIVE_COMPARATOR",
          "description": "Participants will receive pembrolizumab 200 mg intravenously followed by placebo intravenously once every 3 weeks.",
          "interventionNames": [
            "Drug: Pembrolizumab",
            "Drug: Placebo"
          ]
        },
        {
          "label": "Arm C: Tislelizumab plus Placebo",
          "type": "PLACEBO_COMPARATOR",
          "description": "Participants will receive tislelizumab 200 mg intravenously followed by placebo intravenously once every 3 weeks.",
          "interventionNames": [
            "Drug: Tislelizumab",
            "Drug: Placebo"
          ]
        }
      ],
      "interventions": [
        {
          "type": "DRUG",
          "name": "Tislelizumab",
          "description": "Tislelizumab is a monoclonal antibody formulated for intravenous injection.",
          "armGroupLabels": [
            "Arm A: Tislelizumab plus Ociperlimab",
            "Arm C: Tislelizumab plus Placebo"
          ],
          "otherNames": [
            "BGB-A317"
          ]
        },
        {
          "type": "DRUG",
          "name": "Ociperlimab",
          "description": "Ociperlimab is a monoclonal antibody formulated for intravenous injection.",
          "armGroupLabels": [
            "Arm A: Tislelizumab plus Ociperlimab"
          ],
          "otherNames": [
            "BGB-A1217"
          ]
        },
        {
          "type": "DRUG",
          "name": "Pembrolizumab",
          "description": "Pembrolizumab is a monoclonal antibody formulated for intravenous injection.",
          "armGroupLabels": [
            "Arm B: Pembrolizumab plus Placebo"
          ],
          "otherNames": [
            "KEYTRUDA"
          ]
        },
        {
          "type": "DRUG",
          "name": "Placebo",
          "description": "Placebo infusions will consist of a sterile, normal saline solution.",
          "armGroupLabels": [
            "Arm B: Pembrolizumab plus Placebo",
            "Arm C: Tislelizumab plus Placebo"
          ]
        }
      ]
    },
    "outcomesModule": {
      "primaryOutcomes": [
        {
          "measure": "Overall Survival (OS)",
          "description": "OS will be defined as the time from the date of randomization to the date of death due to any cause.",
          "timeFrame": "Up to approximately 58 months"
        }
      ],
      "secondaryOutcomes": [
        {
          "measure": "Progression-free Survival (PFS) As Assessed By Investigators",
          "description": "PFS will be defined as the time from the date of randomization to the date of the first objectively documented tumor progression per RECIST v1.1, or death, whichever occurs first.",
          "timeFrame": "Up to approximately 58 months"
        },
        {
          "measure": "Overall Response Rate (ORR) As Assessed By Investigators",
          "description": "ORR will be defined as the proportion of participants with a documented, confirmed complete response or partial response per RECIST v1.1.",
          "timeFrame": "Up to approximately 58 months"
        },
        {
          "measure": "Duration Of Response (DOR) As Assessed By Investigators",
          "description": "DOR will be defined as the time from the first determination of an objective response per RECIST v1.1 until the first documentation of progression or death, whichever occurs first.",
          "timeFrame": "Up to approximately 58 months"
        },
        {
          "measure": "Health-related Quality Of Life (HRQoL): European Organization For Research And Treatment Of Cancer Quality Of Life Questionnaire Core 30 (EORTC QLQ-C30)",
          "description": "HRQoL will be assessed via patient-reported outcomes (PRO) using the EORTC QLQ-C30.\n\nThe EORTC QLQ-C30 (Version 3) consists of Global health status/QoL (score range from 0=very poor to 7=excellent), 5 functioning scales (physical, role, emotional, cognitive, social), 8 symptom scales (fatigue, nausea/vomiting, pain, dyspnea, insomnia, constipation, diarrhea) and financial difficulties with scores ranging from 1 = \"Not at all\" to 4 = \"Very much\". For the global health status/QoL and functioning scales, higher scores indicate better outcomes and for symptom scales, lower scores indicate better outcomes.",
          "timeFrame": "Within 7 days after permanent treatment discontinuation"
        },
        {
          "measure": "HRQoL: EORTC Lung Cancer Module Quality of Life Questionnaire Lung Cancer 13 (QLQ-LC13) HRQoL will be assessed via PRO using the EORTC QLQ-LC13.",
          "description": "QLQ-LC13 consists of 10 scales, scores ranging from 1 = \"not at all\" to 4 = \"very much\", and 2 questions regarding use of pain medication (yes/no) and if yes, did it help (1 = \"not at all\" to 4 = \"very much\"). In symptom scales, lower scores indicate better outcomes.",
          "timeFrame": "Within 7 days after permanent treatment discontinuation"
        },
        {
          "measure": "HRQoL: European Quality of Life-5 Level- 5 Dimension (EQ-5D-5L) Questionnaire",
          "description": "HRQoL will be assessed via PRO using the EQ-5D-5L. The EQ-5D-5L comprises five dimensions: mobility, self-care, usual activities, pain/discomfort and anxiety/depression, and a visual analog scale (VAS). Each dimension has 5 levels: no problems, slight problems, moderate problems, severe problems, and extreme problems. The VAS records the respondent's self-rated health on a 0 to 100 scale, with 100 = \"the best health you can imagine\" and 0 = \"'the worst health you can imagine\". Lower scores in descriptive dimension indicate better HRQoL and higher VAS scores indicates better health state.",
          "timeFrame": "Within 7 days after permanent treatment discontinuation"
        },
        {
          "measure": "Time To Deterioration (TTD)",
          "description": "TTD will be analyzed using PRO scores, and will be defined as worsening scores of ≥10 points from baseline for 2 consecutive assessments or 1 assessment followed by death from any cause.",
          "timeFrame": "Within 7 days after permanent treatment discontinuation"
        },
        {
          "measure": "Number Of Participants Experiencing Adverse Events (AEs)",
          "description": "The incidence and severity of AEs will be determined according to National Cancer Institute Common Terminology Criteria for Adverse Events Version 5.0 (NCI CTCAE v5.0).",
          "timeFrame": "90 days (±14) after last dose"
        }
      ]
    },
    "eligibilityModule": {
      "eligibilityCriteria": "Key Inclusion Criteria:\n\n1. Histologically or cytologically documented locally advanced or recurrent non-small cell lung cancer (NSCLC) that is not eligible for curative surgery and/or definitive radiotherapy with or without chemoradiotherapy, or metastatic-nonsquamous or squamous NSCLC.\n2. No prior systemic treatment for metastatic NSCLC.\n3. Agreement to provide archival tissue or fresh biopsy (if archival tissue is not available).\n4. Tumors with PD-L1 expressed in ≥ 50% tumor cells.\n5. At least 1 measurable lesion as defined per RECIST v1.1.\n6. ECOG Performance Status ≤ 1.\n\nKey Exclusion Criteria:\n\n1. Known mutations in the epidermal growth factor receptor (EGFR) gene, anaplastic lymphoma kinase (ALK) fusion oncogene, BRAF V600E, or ROS1.\n2. Prior therapy with an anti-programmed cell death protein (anti-PD)-1, anti-PD-ligand (L)-1, anti-PD-ligand-2, anti-T-cell immunoglobulin and ITIM (anti-TIGIT) domain, or any other antibody or drug specifically targeting T-cell costimulation or checkpoint pathways.\n3. Active leptomeningeal disease or uncontrolled, untreated brain metastasis.\n4. Active autoimmune diseases or history of autoimmune diseases that may relapse.\n\nNote: Other protocol defined Inclusion/Exclusion criteria may apply",
      "healthyVolunteers": false,
      "sex": "ALL",
      "minimumAge": "18 Years",
      "stdAges": [
        "ADULT",
        "OLDER_ADULT"
      ]
    },
    "contactsLocationsModule": {
      "locations": [
        {
          "facility": "Providence Medical Foundation St Jude Heritage Healthcare",
          "city": "Fullerton",
          "state": "California",
          "zip": "92835",
          "country": "United States",
          "geoPoint": {
            "lat": 33.87029,
            "lon": -117.92534
          }
        },
        {
          "facility": "Valkyrie Clinical Trials",
          "city": "Los Angeles",
          "state": "California",
          "zip": "90067",
          "country": "United States",
          "geoPoint": {
            "lat": 34.05223,
            "lon": -118.24368
          }
        },
        {
          "facility": "Ocala Oncology Center Pl Dba Florida Cancer Affiliates Ocala",
          "city": "Ocala",
          "state": "Florida",
          "zip": "34474",
          "country": "United States",
          "geoPoint": {
            "lat": 29.1872,
            "lon": -82.14009
          }
        },
        {
          "facility": "Advent Health Cancer Institute",
          "city": "Orlando",
          "state": "Florida",
          "zip": "32804",
          "country": "United States",
          "geoPoint": {
            "lat": 28.53834,
            "lon": -81.37924
          }
        },
        {
          "facility": "Goshen Center For Cancer Care",
          "city": "Goshen",
          "state": "Indiana",
          "zip": "46526",
          "country": "United States",
          "geoPoint": {
            "lat": 41.58227,
            "lon": -85.83444
          }
        },
        {
          "facility": "Baptist Health Lexington",
          "city": "Lexington",
          "state": "Kentucky",
          "zip": "40503",
          "country": "United States",
          "geoPoint": {
            "lat": 37.98869,
            "lon": -84.47772
          }
        },
        {
          "facility": "University Medical Center New Orleans West Jefferson Medical Center",
          "city": "New Orleans",
          "state": "Louisiana",
          "zip": "70112",
          "country": "United States",
          "geoPoint": {
            "lat": 29.95465,
            "lon": -90.07507
          }
        },
        {
          "facility": "Metro Minnesota Community Oncology Research Consortium (Mmcorc)",
          "city": "Saint Paul",
          "state": "Minnesota",
          "zip": "55101",
          "country": "United States",
          "geoPoint": {
            "lat": 44.94441,
            "lon": -93.09327
          }
        },
        {
          "facility": "West Penn Hospital",
          "city": "Pittsburgh",
          "state": "Pennsylvania",
          "zip": "15224",
          "country": "United States",
          "geoPoint": {
            "lat": 40.44062,
            "lon": -79.99589
          }
        },
        {
          "facility": "Centro Medical Austral",
          "city": "Buenos Aires",
          "zip": "1409",
          "country": "Argentina",
          "geoPoint": {
            "lat": -34.61315,
            "lon": -58.37723
          }
        },
        {
          "facility": "Centro Para La Atencion Del Paciente Oncologico (Caipo)",
          "city": "San Miguel de Tucumán",
          "zip": "4000",
          "country": "Argentina",
          "geoPoint": {
            "lat": -26.81601,
            "lon": -65.21051
          }
        },
        {
          "facility": "Concord Repatriation General Hospital",
          "city": "Concord",
          "state": "New South Wales",
          "zip": "2139",
          "country": "Australia",
          "geoPoint": {
            "lat": -33.84722,
            "lon": 151.10381
          }
        },
        {
          "facility": "Northern Cancer Institute",
          "city": "St Leonards",
          "state": "New South Wales",
          "zip": "2065",
          "country": "Australia",
          "geoPoint": {
            "lat": -33.82344,
            "lon": 151.19836
          }
        },
        {
          "facility": "Calvary Mater Newcastle",
          "city": "Waratah",
          "state": "New South Wales",
          "zip": "2298",
          "country": "Australia",
          "geoPoint": {
            "lat": -32.90667,
            "lon": 151.72647
          }
        },
        {
          "facility": "Pindara Private Hospital",
          "city": "Benowa",
          "state": "Queensland",
          "zip": "4217",
          "country": "Australia",
          "geoPoint": {
            "lat": -28.0077,
            "lon": 153.38583
          }
        },
        {
          "facility": "The Prince Charles Hospital",
          "city": "Chermside",
          "state": "Queensland",
          "zip": "4032",
          "country": "Australia",
          "geoPoint": {
            "lat": -27.38472,
            "lon": 153.03062
          }
        },
        {
          "facility": "Mater Cancer Care Centre",
          "city": "South Brisbane",
          "state": "Queensland",
          "zip": "4101",
          "country": "Australia",
          "geoPoint": {
            "lat": -27.48034,
            "lon": 153.02049
          }
        },
        {
          "facility": "John Flynn Private Hospital",
          "city": "Tugun",
          "state": "Queensland",
          "zip": "4224",
          "country": "Australia",
          "geoPoint": {
            "lat": -28.15,
            "lon": 153.5
          }
        },
        {
          "facility": "Lyell McEwin Hospital",
          "city": "Elizabeth Vale",
          "state": "South Australia",
          "zip": "5112",
          "country": "Australia",
          "geoPoint": {
            "lat": -34.74857,
            "lon": 138.66819
          }
        },
        {
          "facility": "Ballarat Health Services",
          "city": "Ballarat",
          "state": "Victoria",
          "zip": "3350",
          "country": "Australia",
          "geoPoint": {
            "lat": -37.56622,
            "lon": 143.84957
          }
        },
        {
          "facility": "Monash Health",
          "city": "Clayton",
          "state": "Victoria",
          "zip": "3168",
          "country": "Australia",
          "geoPoint": {
            "lat": -37.91667,
            "lon": 145.11667
          }
        },
        {
          "facility": "Western Health Sunshine Hospital",
          "city": "St Albans",
          "state": "Victoria",
          "zip": "3021",
          "country": "Australia",
          "geoPoint": {
            "lat": -37.74496,
            "lon": 144.80049
          }
        },
        {
          "facility": "St John of God, Murdoch",
          "city": "Murdoch",
          "state": "Western Australia",
          "zip": "6150",
          "country": "Australia",
          "geoPoint": {
            "lat": -32.06987,
            "lon": 115.83757
          }
        },
        {
          "facility": "Instituto Dor de Pesquisa E Ensino Distrito Federal",
          "city": "Brasília",
          "zip": "70390140",
          "country": "Brazil",
          "geoPoint": {
            "lat": -15.77972,
            "lon": -47.92972
          }
        },
        {
          "facility": "Hospital Evangelico de Cachoeiro de Itapemirim",
          "city": "Cachoeiro de Itapemirim",
          "zip": "29308-020",
          "country": "Brazil",
          "geoPoint": {
            "lat": -20.84889,
            "lon": -41.11278
          }
        },
        {
          "facility": "Centro de Pesquisas Oncologicas Cepon",
          "city": "Florianópolis",
          "zip": "88034-000",
          "country": "Brazil",
          "geoPoint": {
            "lat": -27.59667,
            "lon": -48.54917
          }
        },
        {
          "facility": "Cancer Institute of Ceara",
          "city": "Fortaleza",
          "zip": "60430-235",
          "country": "Brazil",
          "geoPoint": {
            "lat": -3.71722,
            "lon": -38.54306
          }
        },
        {
          "facility": "Cepho Centro de Estudos E Pesquisas de Hematologia E Oncologia",
          "city": "Santo André",
          "zip": "09060-650",
          "country": "Brazil",
          "geoPoint": {
            "lat": -23.66389,
            "lon": -46.53833
          }
        },
        {
          "facility": "Fundacao Faculdade Regional de Medicina de Sao Jose Do Rio Preto",
          "city": "São José do Rio Preto",
          "zip": "15090-000",
          "country": "Brazil",
          "geoPoint": {
            "lat": -20.81972,
            "lon": -49.37944
          }
        },
        {
          "facility": "Anhui Provincial Hospital",
          "city": "Hefei",
          "state": "Anhui",
          "zip": "230000",
          "country": "China",
          "geoPoint": {
            "lat": 31.86389,
            "lon": 117.28083
          }
        },
        {
          "facility": "The Second Hospital of Anhui Medical University",
          "city": "Hefei",
          "state": "Anhui",
          "zip": "230601",
          "country": "China",
          "geoPoint": {
            "lat": 31.86389,
            "lon": 117.28083
          }
        },
        {
          "facility": "Beijing Chao Yang Hospital",
          "city": "Beijing",
          "state": "Beijing Municipality",
          "zip": "100020",
          "country": "China",
          "geoPoint": {
            "lat": 39.9075,
            "lon": 116.39723
          }
        },
        {
          "facility": "Beijing Cancer Hospital",
          "city": "Beijing",
          "state": "Beijing Municipality",
          "zip": "100142",
          "country": "China",
          "geoPoint": {
            "lat": 39.9075,
            "lon": 116.39723
          }
        },
        {
          "facility": "Peking Union Medical College Hospital",
          "city": "Beijing",
          "state": "Beijing Municipality",
          "zip": "100730",
          "country": "China",
          "geoPoint": {
            "lat": 39.9075,
            "lon": 116.39723
          }
        },
        {
          "facility": "Beijing Chest Hospital, Capital Medical University",
          "city": "Beijing",
          "state": "Beijing Municipality",
          "zip": "101149",
          "country": "China",
          "geoPoint": {
            "lat": 39.9075,
            "lon": 116.39723
          }
        },
        {
          "facility": "Chongqing Cancer Hospital",
          "city": "Chongqing",
          "state": "Chongqing Municipality",
          "zip": "400030",
          "country": "China",
          "geoPoint": {
            "lat": 29.56026,
            "lon": 106.55771
          }
        },
        {
          "facility": "The First Affiliated Hospital of Army Military Medical University",
          "city": "Chongqing",
          "state": "Chongqing Municipality",
          "zip": "400038",
          "country": "China",
          "geoPoint": {
            "lat": 29.56026,
            "lon": 106.55771
          }
        },
        {
          "facility": "Daping Hospital, Third Military Medical University",
          "city": "Chongqing",
          "state": "Chongqing Municipality",
          "zip": "400042",
          "country": "China",
          "geoPoint": {
            "lat": 29.56026,
            "lon": 106.55771
          }
        },
        {
          "facility": "Chongqing University Three Gorges Central Hospital",
          "city": "Chongqing",
          "state": "Chongqing Municipality",
          "zip": "404000",
          "country": "China",
          "geoPoint": {
            "lat": 29.56026,
            "lon": 106.55771
          }
        },
        {
          "facility": "Fujian Medical University Union Hospital",
          "city": "Fuzhou",
          "state": "Fujian",
          "zip": "350001",
          "country": "China",
          "geoPoint": {
            "lat": 26.06139,
            "lon": 119.30611
          }
        },
        {
          "facility": "Fujian Cancer Hospital",
          "city": "Fuzhou",
          "state": "Fujian",
          "zip": "350014",
          "country": "China",
          "geoPoint": {
            "lat": 26.06139,
            "lon": 119.30611
          }
        },
        {
          "facility": "The First Affiliated Hospital of Xiamen University",
          "city": "Xiamen",
          "state": "Fujian",
          "zip": "361003",
          "country": "China",
          "geoPoint": {
            "lat": 24.47979,
            "lon": 118.08187
          }
        },
        {
          "facility": "Affiliated Cancer Hospital and Institute of Guangzhou Medical University",
          "city": "Guangzhou",
          "state": "Guangdong",
          "zip": "510030",
          "country": "China",
          "geoPoint": {
            "lat": 23.11667,
            "lon": 113.25
          }
        },
        {
          "facility": "Cancer Hospital of Shantou University Medical College",
          "city": "Shantou",
          "state": "Guangdong",
          "zip": "515031",
          "country": "China",
          "geoPoint": {
            "lat": 23.35489,
            "lon": 116.67876
          }
        },
        {
          "facility": "Shenzhen Peoples Hospital",
          "city": "Shenzhen",
          "state": "Guangdong",
          "zip": "518020",
          "country": "China",
          "geoPoint": {
            "lat": 22.54554,
            "lon": 114.0683
          }
        },
        {
          "facility": "The Peoples Hospital of Guangxi Zhuang Autonomous Region",
          "city": "Nanning",
          "state": "Guangxi",
          "zip": "530021",
          "country": "China",
          "geoPoint": {
            "lat": 22.81667,
            "lon": 108.31667
          }
        },
        {
          "facility": "The Tumor Hospital Affiliated to Guangxi Medical University",
          "city": "Nanning",
          "state": "Guangxi",
          "zip": "530021",
          "country": "China",
          "geoPoint": {
            "lat": 22.81667,
            "lon": 108.31667
          }
        },
        {
          "facility": "Harbin Medical University Cancer Hospital",
          "city": "Harbin",
          "state": "Heilongjiang",
          "zip": "150000",
          "country": "China",
          "geoPoint": {
            "lat": 45.75,
            "lon": 126.65
          }
        },
        {
          "facility": "Henan Cancer Hospital",
          "city": "Zhengzhou",
          "state": "Henan",
          "zip": "450000",
          "country": "China",
          "geoPoint": {
            "lat": 34.75778,
            "lon": 113.64861
          }
        },
        {
          "facility": "The First Affiliated Hospital of Zhengzhou University",
          "city": "Zhengzhou",
          "state": "Henan",
          "zip": "450052",
          "country": "China",
          "geoPoint": {
            "lat": 34.75778,
            "lon": 113.64861
          }
        },
        {
          "facility": "Union Hospital of Tongji Medical College, Huazhong University of Science and Technology",
          "city": "Wuhan",
          "state": "Hubei",
          "zip": "430022",
          "country": "China",
          "geoPoint": {
            "lat": 30.58333,
            "lon": 114.26667
          }
        },
        {
          "facility": "Renmin Hospital of Wuhan University",
          "city": "Wuhan",
          "state": "Hubei",
          "zip": "430060",
          "country": "China",
          "geoPoint": {
            "lat": 30.58333,
            "lon": 114.26667
          }
        },
        {
          "facility": "Hubei Cancer Hospital",
          "city": "Wuhan",
          "state": "Hubei",
          "zip": "430079",
          "country": "China",
          "geoPoint": {
            "lat": 30.58333,
            "lon": 114.26667
          }
        },
        {
          "facility": "The Second Xiangya Hospital of Central South University",
          "city": "Changsha",
          "state": "Hunan",
          "zip": "410011",
          "country": "China",
          "geoPoint": {
            "lat": 28.19874,
            "lon": 112.97087
          }
        },
        {
          "facility": "Hunan Cancer Hospital",
          "city": "Changsha",
          "state": "Hunan",
          "zip": "410013",
          "country": "China",
          "geoPoint": {
            "lat": 28.19874,
            "lon": 112.97087
          }
        },
        {
          "facility": "Changzhou No Peoples Hospital, the Affiliated Hospital of Nanjing Medical University Branch Cheng",
          "city": "Changzhou",
          "state": "Jiangsu",
          "zip": "213003",
          "country": "China",
          "geoPoint": {
            "lat": 31.77359,
            "lon": 119.95401
          }
        },
        {
          "facility": "Nanjing First Hospital",
          "city": "Nanjing",
          "state": "Jiangsu",
          "zip": "210009",
          "country": "China",
          "geoPoint": {
            "lat": 32.06167,
            "lon": 118.77778
          }
        },
        {
          "facility": "Nanjing Chest Hospital",
          "city": "Nanjing",
          "state": "Jiangsu",
          "zip": "210029",
          "country": "China",
          "geoPoint": {
            "lat": 32.06167,
            "lon": 118.77778
          }
        },
        {
          "facility": "The Second Affiliated Hospital of Soochow University",
          "city": "Suzhou",
          "state": "Jiangsu",
          "zip": "215000",
          "country": "China",
          "geoPoint": {
            "lat": 31.30408,
            "lon": 120.59538
          }
        },
        {
          "facility": "The First Affiliated Hospital of Soochow University Branch Shizi",
          "city": "Suzhou",
          "state": "Jiangsu",
          "zip": "215006",
          "country": "China",
          "geoPoint": {
            "lat": 31.30408,
            "lon": 120.59538
          }
        },
        {
          "facility": "Xuzhou Central Hospital",
          "city": "Xuzhou",
          "state": "Jiangsu",
          "zip": "221000",
          "country": "China",
          "geoPoint": {
            "lat": 34.20442,
            "lon": 117.28386
          }
        },
        {
          "facility": "Liaoning Cancer Hospital and Institute",
          "city": "Shenyang",
          "state": "Liaoning",
          "zip": "110042",
          "country": "China",
          "geoPoint": {
            "lat": 41.79222,
            "lon": 123.43278
          }
        },
        {
          "facility": "The First Affiliated Hospital of Xian Jiaotong University",
          "city": "Xi'an",
          "state": "Shaanxi",
          "zip": "710061",
          "country": "China",
          "geoPoint": {
            "lat": 34.25833,
            "lon": 108.92861
          }
        },
        {
          "facility": "The Affiliated Hospital of Qingdao University Branch Laoshan",
          "city": "Qingdao",
          "state": "Shandong",
          "zip": "266000",
          "country": "China",
          "geoPoint": {
            "lat": 36.06488,
            "lon": 120.38042
          }
        },
        {
          "facility": "Weifang Peoples Hospital",
          "city": "Weifang",
          "state": "Shandong",
          "zip": "261000",
          "country": "China",
          "geoPoint": {
            "lat": 36.71,
            "lon": 119.10194
          }
        },
        {
          "facility": "Yantai Yuhuangding Hospital",
          "city": "Yantai",
          "state": "Shandong",
          "zip": "264000",
          "country": "China",
          "geoPoint": {
            "lat": 37.47649,
            "lon": 121.44081
          }
        },
        {
          "facility": "Shanghai Chest Hospital",
          "city": "Shanghai",
          "state": "Shanghai Municipality",
          "zip": "200030",
          "country": "China",
          "geoPoint": {
            "lat": 31.22222,
            "lon": 121.45806
          }
        },
        {
          "facility": "Affiliated Zhongshan Hospital of Fudan University",
          "city": "Shanghai",
          "state": "Shanghai Municipality",
          "zip": "200032",
          "country": "China",
          "geoPoint": {
            "lat": 31.22222,
            "lon": 121.45806
          }
        },
        {
          "facility": "Shanghai Pulmonary Hospital",
          "city": "Shanghai",
          "state": "Shanghai Municipality",
          "zip": "200433",
          "country": "China",
          "geoPoint": {
            "lat": 31.22222,
            "lon": 121.45806
          }
        },
        {
          "facility": "Shanxi Bethune Hospital",
          "city": "Taiyuan",
          "state": "Shanxi",
          "zip": "030032",
          "country": "China",
          "geoPoint": {
            "lat": 37.86944,
            "lon": 112.56028
          }
        },
        {
          "facility": "Sichuan Cancer Hospital and Institute",
          "city": "Chengdu",
          "state": "Sichuan",
          "zip": "610041",
          "country": "China",
          "geoPoint": {
            "lat": 30.66667,
            "lon": 104.06667
          }
        },
        {
          "facility": "West China Hospital, Sichuan University",
          "city": "Chengdu",
          "state": "Sichuan",
          "zip": "610041",
          "country": "China",
          "geoPoint": {
            "lat": 30.66667,
            "lon": 104.06667
          }
        },
        {
          "facility": "Affiliated Hospital of North Sichuan Medical College",
          "city": "Nanchong",
          "state": "Sichuan",
          "zip": "637000",
          "country": "China",
          "geoPoint": {
            "lat": 30.79508,
            "lon": 106.08473
          }
        },
        {
          "facility": "Tianjin Medical University General Hospital",
          "city": "Tianjin",
          "state": "Tianjin Municipality",
          "zip": "300052",
          "country": "China",
          "geoPoint": {
            "lat": 39.14222,
            "lon": 117.17667
          }
        },
        {
          "facility": "Tianjin Medical University Cancer Institute and Hospital",
          "city": "Tianjin",
          "state": "Tianjin Municipality",
          "zip": "300060",
          "country": "China",
          "geoPoint": {
            "lat": 39.14222,
            "lon": 117.17667
          }
        },
        {
          "facility": "Affiliated Cancer Hospital of Xinjiang Medical University",
          "city": "Ürümqi",
          "state": "Xinjiang",
          "zip": "830000",
          "country": "China",
          "geoPoint": {
            "lat": 43.80096,
            "lon": 87.60046
          }
        },
        {
          "facility": "Sir Run Run Shaw Hospital, Zhejiang University School of Medicine",
          "city": "Hangzhou",
          "state": "Zhejiang",
          "zip": "310016",
          "country": "China",
          "geoPoint": {
            "lat": 30.29365,
            "lon": 120.16142
          }
        },
        {
          "facility": "Zhejiang Cancer Hospital",
          "city": "Hangzhou",
          "state": "Zhejiang",
          "zip": "310022",
          "country": "China",
          "geoPoint": {
            "lat": 30.29365,
            "lon": 120.16142
          }
        },
        {
          "facility": "The First Affiliated Hospital of Ningbo University",
          "city": "Ningbo",
          "state": "Zhejiang",
          "zip": "315010",
          "country": "China",
          "geoPoint": {
            "lat": 29.87819,
            "lon": 121.54945
          }
        },
        {
          "facility": "Taizhou Hospital of Zhejiang",
          "city": "Taizhou",
          "state": "Zhejiang",
          "zip": "317000",
          "country": "China",
          "geoPoint": {
            "lat": 28.66266,
            "lon": 121.43312
          }
        },
        {
          "facility": "The Fourth Affiliated Hospital Zhejiang University School of Medicine",
          "city": "Yiwu",
          "state": "Zhejiang",
          "zip": "322000",
          "country": "China",
          "geoPoint": {
            "lat": 29.31506,
            "lon": 120.07676
          }
        },
        {
          "facility": "Centre Hospitalier de La Cote Basque Saint Leon Service de Pneumologie",
          "city": "Bayonne",
          "zip": "64100",
          "country": "France",
          "geoPoint": {
            "lat": 43.49316,
            "lon": -1.473
          }
        },
        {
          "facility": "Centre de Lutte Contre Le Cancer Institut Bergonie",
          "city": "Bordeaux",
          "zip": "33076",
          "country": "France",
          "geoPoint": {
            "lat": 44.84124,
            "lon": -0.58046
          }
        },
        {
          "facility": "Hopital de La Croix Rousse",
          "city": "Lyon",
          "zip": "69317",
          "country": "France",
          "geoPoint": {
            "lat": 45.74906,
            "lon": 4.84789
          }
        },
        {
          "facility": "Hopital Louis Pradel",
          "city": "Lyon",
          "zip": "69500",
          "country": "France",
          "geoPoint": {
            "lat": 45.74906,
            "lon": 4.84789
          }
        },
        {
          "facility": "Icm Val Daurelle Oncologie Medicale",
          "city": "Montpellier",
          "zip": "24298",
          "country": "France",
          "geoPoint": {
            "lat": 43.61093,
            "lon": 3.87635
          }
        },
        {
          "facility": "Polyclinique de Gentilly",
          "city": "Nancy",
          "zip": "54100",
          "country": "France",
          "geoPoint": {
            "lat": 48.68439,
            "lon": 6.18496
          }
        },
        {
          "facility": "Hopital Cochin",
          "city": "Paris",
          "zip": "75014",
          "country": "France",
          "geoPoint": {
            "lat": 48.85341,
            "lon": 2.3488
          }
        },
        {
          "facility": "Chu Hopital Lyon Sud",
          "city": "PierreBenite",
          "zip": "69495",
          "country": "France"
        },
        {
          "facility": "Hia Begin",
          "city": "Saint-Mandé",
          "zip": "94160",
          "country": "France",
          "geoPoint": {
            "lat": 48.83864,
            "lon": 2.41579
          }
        },
        {
          "facility": "Chu de La Reunion",
          "city": "Saint-Pierre",
          "zip": "97448",
          "country": "France",
          "geoPoint": {
            "lat": 43.29282,
            "lon": 5.40682
          }
        },
        {
          "facility": "Centre de Lutte Contre Le Cancer Institut de Cancerologie de Louest Rene Gauducheau",
          "city": "SaintHerblain",
          "zip": "44805",
          "country": "France"
        },
        {
          "facility": "Chu Nantes Hopital Nord Laennec",
          "city": "SaintHerblain",
          "zip": "44805",
          "country": "France"
        },
        {
          "facility": "Chu Tours Hopital Bretonneau Service Pneumologie",
          "city": "Tours",
          "zip": "37000",
          "country": "France",
          "geoPoint": {
            "lat": 47.39484,
            "lon": 0.70398
          }
        },
        {
          "facility": "High Technology Hospital Medcenter Ltd",
          "city": "Batumi",
          "zip": "6000",
          "country": "Georgia",
          "geoPoint": {
            "lat": 41.64077,
            "lon": 41.6306
          }
        },
        {
          "facility": "Acad Fridon Todua Medical Center Ltd Research Institute of Clinical Medicine Ltd",
          "city": "Tbilisi",
          "zip": "0112",
          "country": "Georgia",
          "geoPoint": {
            "lat": 41.69143,
            "lon": 44.83412
          }
        },
        {
          "facility": "Israel Georgian Medical Research Clinic Helsicore Ltd",
          "city": "Tbilisi",
          "zip": "0112",
          "country": "Georgia",
          "geoPoint": {
            "lat": 41.69143,
            "lon": 44.83412
          }
        },
        {
          "facility": "Jsc German Hospital",
          "city": "Tbilisi",
          "zip": "0119",
          "country": "Georgia",
          "geoPoint": {
            "lat": 41.69143,
            "lon": 44.83412
          }
        },
        {
          "facility": "Institute of Clinical Oncology Ltd",
          "city": "Tbilisi",
          "zip": "0159",
          "country": "Georgia",
          "geoPoint": {
            "lat": 41.69143,
            "lon": 44.83412
          }
        },
        {
          "facility": "Jsc Evex Hospitals Tbilisi",
          "city": "Tbilisi",
          "zip": "0159",
          "country": "Georgia",
          "geoPoint": {
            "lat": 41.69143,
            "lon": 44.83412
          }
        },
        {
          "facility": "Tim Tbilisi Institute of Medicine Ltd",
          "city": "Tbilisi",
          "zip": "0160",
          "country": "Georgia",
          "geoPoint": {
            "lat": 41.69143,
            "lon": 44.83412
          }
        },
        {
          "facility": "Caucasus Medical Centre Ltd",
          "city": "Tbilisi",
          "zip": "0186",
          "country": "Georgia",
          "geoPoint": {
            "lat": 41.69143,
            "lon": 44.83412
          }
        },
        {
          "facility": "Multiprofile Clinic Consilium Medulla Ltd",
          "city": "Tbilisi",
          "zip": "0186",
          "country": "Georgia",
          "geoPoint": {
            "lat": 41.69143,
            "lon": 44.83412
          }
        },
        {
          "facility": "Oncology Research Center Ltd",
          "city": "Tbilisi",
          "zip": "0186",
          "country": "Georgia",
          "geoPoint": {
            "lat": 41.69143,
            "lon": 44.83412
          }
        },
        {
          "facility": "Universitaetsklinikum Aachen",
          "city": "Aachen",
          "zip": "52074",
          "country": "Germany",
          "geoPoint": {
            "lat": 50.77664,
            "lon": 6.08342
          }
        },
        {
          "facility": "Universitatsklinikum Bonn",
          "city": "Bonn",
          "zip": "53127",
          "country": "Germany",
          "geoPoint": {
            "lat": 50.73438,
            "lon": 7.09549
          }
        },
        {
          "facility": "Kliniken Der Stadt Koeln Ggmbh",
          "city": "Cologne",
          "zip": "51109",
          "country": "Germany",
          "geoPoint": {
            "lat": 50.93333,
            "lon": 6.95
          }
        },
        {
          "facility": "Uniklinikum Giessen Marburg",
          "city": "Giessen",
          "zip": "35392",
          "country": "Germany",
          "geoPoint": {
            "lat": 50.58727,
            "lon": 8.67554
          }
        },
        {
          "facility": "Lungenclinic Grosshansdorf Gmbh",
          "city": "Grohansdorf",
          "zip": "22927",
          "country": "Germany"
        },
        {
          "facility": "Ambulantes Krebszentrum Hamburg",
          "city": "Hamburg",
          "zip": "20251",
          "country": "Germany",
          "geoPoint": {
            "lat": 53.55073,
            "lon": 9.99302
          }
        },
        {
          "facility": "Munchen Klinik Bogenhausen",
          "city": "Munich",
          "zip": "81925",
          "country": "Germany",
          "geoPoint": {
            "lat": 48.13743,
            "lon": 11.57549
          }
        },
        {
          "facility": "Agaplesion Diakonieklinikum Rotenburg Gemeinnutzige Gmbh",
          "city": "Rotenburg (Wümme)",
          "zip": "27356",
          "country": "Germany",
          "geoPoint": {
            "lat": 53.11032,
            "lon": 9.4036
          }
        },
        {
          "facility": "Azienda Ospedaliera Universitaria Policlinico Santorsola Malpighi",
          "city": "Bologna",
          "zip": "40138",
          "country": "Italy",
          "geoPoint": {
            "lat": 44.49381,
            "lon": 11.33875
          }
        },
        {
          "facility": "Azienda Ospedaliera Papardo",
          "city": "Messina",
          "zip": "98158",
          "country": "Italy",
          "geoPoint": {
            "lat": 38.19394,
            "lon": 15.55256
          }
        },
        {
          "facility": "Aou San Luigi Gonzaga",
          "city": "Orbassano",
          "zip": "10043",
          "country": "Italy",
          "geoPoint": {
            "lat": 45.00547,
            "lon": 7.53813
          }
        },
        {
          "facility": "Nagoya University Hospital",
          "city": "Nagoya",
          "state": "Aichi-ken",
          "zip": "466-8560",
          "country": "Japan",
          "geoPoint": {
            "lat": 35.18147,
            "lon": 136.90641
          }
        },
        {
          "facility": "Hirosaki University Hospital",
          "city": "Hirosaki",
          "state": "Aomori",
          "zip": "036-8563",
          "country": "Japan",
          "geoPoint": {
            "lat": 40.59306,
            "lon": 140.4725
          }
        },
        {
          "facility": "Nho Shikoku Cancer Center",
          "city": "Matsuyama",
          "state": "Ehime",
          "zip": "791-0280",
          "country": "Japan",
          "geoPoint": {
            "lat": 33.83916,
            "lon": 132.76574
          }
        },
        {
          "facility": "Kurume University Hospital",
          "city": "Kurume",
          "state": "Fukuoka",
          "zip": "830-0011",
          "country": "Japan",
          "geoPoint": {
            "lat": 33.31667,
            "lon": 130.51667
          }
        },
        {
          "facility": "National Hospital Organization Shibukawa Medical Center",
          "city": "Shibukawa",
          "state": "Gunma",
          "zip": "337-0280",
          "country": "Japan",
          "geoPoint": {
            "lat": 36.48333,
            "lon": 139.0
          }
        },
        {
          "facility": "Kobe University Hospital",
          "city": "Kobe",
          "state": "Hyōgo",
          "zip": "650-0017",
          "country": "Japan",
          "geoPoint": {
            "lat": 34.6913,
            "lon": 135.183
          }
        },
        {
          "facility": "Kobe City Medical Center General Hospital",
          "city": "Kobe",
          "state": "Hyōgo",
          "zip": "650-0047",
          "country": "Japan",
          "geoPoint": {
            "lat": 34.6913,
            "lon": 135.183
          }
        },
        {
          "facility": "Hyogo Medical University Hospital",
          "city": "Nishinomiyashi",
          "state": "Hyōgo",
          "zip": "663-8501",
          "country": "Japan"
        },
        {
          "facility": "Kanazawa University Hospital",
          "city": "Kanazawa",
          "state": "Ishikawa-ken",
          "zip": "920-8641",
          "country": "Japan",
          "geoPoint": {
            "lat": 36.6,
            "lon": 136.61667
          }
        },
        {
          "facility": "Kanagawa Cancer Center",
          "city": "Yokohama",
          "state": "Kanagawa",
          "zip": "241-8515",
          "country": "Japan",
          "geoPoint": {
            "lat": 35.43333,
            "lon": 139.65
          }
        },
        {
          "facility": "Miyagi Cancer Center",
          "city": "Natorishi",
          "state": "Miyagi",
          "zip": "981-1293",
          "country": "Japan"
        },
        {
          "facility": "Okayama University Hospital",
          "city": "Okayama",
          "state": "Okayama-ken",
          "zip": "700-8558",
          "country": "Japan",
          "geoPoint": {
            "lat": 34.65,
            "lon": 133.93333
          }
        },
        {
          "facility": "Kansai Medical University Hospital",
          "city": "Hirakata",
          "state": "Osaka",
          "zip": "573-1191",
          "country": "Japan",
          "geoPoint": {
            "lat": 34.81352,
            "lon": 135.64914
          }
        },
        {
          "facility": "National Hospital Organization Kinki Chuo Chest Medical Center",
          "city": "Sakai",
          "state": "Osaka",
          "zip": "591-8555",
          "country": "Japan",
          "geoPoint": {
            "lat": 34.58216,
            "lon": 135.46653
          }
        },
        {
          "facility": "Kindai University Hospital",
          "city": "Sayama",
          "state": "Osaka",
          "zip": "589-8511",
          "country": "Japan",
          "geoPoint": {
            "lat": 34.51685,
            "lon": 135.56298
          }
        },
        {
          "facility": "Osaka Toneyama Medical Center",
          "city": "Toyonaka",
          "state": "Osaka",
          "zip": "560-8552",
          "country": "Japan",
          "geoPoint": {
            "lat": 34.78244,
            "lon": 135.46932
          }
        },
        {
          "facility": "Jichi Medical University Hospital",
          "city": "Shimonotsuke",
          "state": "Tochigi",
          "zip": "329-0498",
          "country": "Japan"
        },
        {
          "facility": "Dokkyo Medical University Hospital",
          "city": "Shimotsugagun",
          "state": "Tochigi",
          "zip": "321-0293",
          "country": "Japan"
        },
        {
          "facility": "Tochigi Cancer Center",
          "city": "Utsunomiya",
          "state": "Tochigi",
          "zip": "320-0834",
          "country": "Japan",
          "geoPoint": {
            "lat": 36.56667,
            "lon": 139.88333
          }
        },
        {
          "facility": "Nippon Medical School Hospital",
          "city": "Bunkyoku",
          "state": "Tokyo",
          "zip": "113-8603",
          "country": "Japan"
        },
        {
          "facility": "Cancer Institute Hospital of Jfcr",
          "city": "Kotoku",
          "state": "Tokyo",
          "zip": "135-8550",
          "country": "Japan"
        },
        {
          "facility": "Hiroshima University Hospital",
          "city": "Hiroshima",
          "zip": "734-8551",
          "country": "Japan",
          "geoPoint": {
            "lat": 34.4,
            "lon": 132.45
          }
        },
        {
          "facility": "Niigata Cancer Center Hospital",
          "city": "Niigata",
          "zip": "951-8566",
          "country": "Japan",
          "geoPoint": {
            "lat": 37.92259,
            "lon": 139.04125
          }
        },
        {
          "facility": "Meander Medisch Centrum",
          "city": "Amersfoort",
          "zip": "3813 TZ",
          "country": "Netherlands",
          "geoPoint": {
            "lat": 52.155,
            "lon": 5.3875
          }
        },
        {
          "facility": "Rijnstate",
          "city": "Arnhem",
          "zip": "6815 AD",
          "country": "Netherlands",
          "geoPoint": {
            "lat": 51.98,
            "lon": 5.91111
          }
        },
        {
          "facility": "Ziekenhuis St Jansdal",
          "city": "Harderwijk",
          "zip": "3844 DG",
          "country": "Netherlands",
          "geoPoint": {
            "lat": 52.34167,
            "lon": 5.62083
          }
        },
        {
          "facility": "Stichting Zuyderland Medisch Centrum",
          "city": "Heerlen",
          "zip": "6419 PC",
          "country": "Netherlands",
          "geoPoint": {
            "lat": 50.88365,
            "lon": 5.98154
          }
        },
        {
          "facility": "Isala Klinieken Zwolle",
          "city": "Zwolle",
          "zip": "8025 AB",
          "country": "Netherlands",
          "geoPoint": {
            "lat": 52.5125,
            "lon": 6.09444
          }
        },
        {
          "facility": "Uniwersytecki Szpital Kliniczny W Bialymstoku",
          "city": "Bialystok",
          "zip": "15-276",
          "country": "Poland",
          "geoPoint": {
            "lat": 53.13333,
            "lon": 23.16433
          }
        },
        {
          "facility": "Centrum Terapii Wspoczesnej",
          "city": "Lodz",
          "zip": "90-338",
          "country": "Poland",
          "geoPoint": {
            "lat": 51.77058,
            "lon": 19.47395
          }
        },
        {
          "facility": "Wielospecjalistyczne Centrum Onkologii I Traumatologii Im M Kopernika W Lodzi",
          "city": "Lodz",
          "zip": "93-510",
          "country": "Poland",
          "geoPoint": {
            "lat": 51.77058,
            "lon": 19.47395
          }
        },
        {
          "facility": "Wielkopolskie Centrum Pulmonologii I Torakochirurgii",
          "city": "Poznan",
          "zip": "60-569",
          "country": "Poland",
          "geoPoint": {
            "lat": 52.40692,
            "lon": 16.92993
          }
        },
        {
          "facility": "Przychodnia Med Polonia Sp Z Oo",
          "city": "Poznan",
          "zip": "60-693",
          "country": "Poland",
          "geoPoint": {
            "lat": 52.40692,
            "lon": 16.92993
          }
        },
        {
          "facility": "Etg Zamosc",
          "city": "Zamość",
          "zip": "22-400",
          "country": "Poland",
          "geoPoint": {
            "lat": 50.72314,
            "lon": 23.25196
          }
        },
        {
          "facility": "Arkhangelsk Regional Clinical Oncological Dispensary",
          "city": "Arkhangelsk",
          "state": "Arkhangelskaya oblast",
          "zip": "163045",
          "country": "Russia",
          "geoPoint": {
            "lat": 64.5461,
            "lon": 40.55183
          }
        },
        {
          "facility": "State Autonomous Healthcare Institution Republican Clinical Oncological Dispensary of the Republic",
          "city": "Ufa",
          "state": "Bashkortostan Republic",
          "zip": "450054",
          "country": "Russia",
          "geoPoint": {
            "lat": 54.74306,
            "lon": 55.96779
          }
        },
        {
          "facility": "State Budgetary Healthcare Institution Regional Oncology Dispensary Number",
          "city": "Magnitogorsk",
          "state": "Chelyabinsk Oblast",
          "zip": "455001",
          "country": "Russia",
          "geoPoint": {
            "lat": 53.39808,
            "lon": 59.0066
          }
        },
        {
          "facility": "Vitamed Llc",
          "city": "Moscow",
          "state": "Moscow",
          "zip": "121309",
          "country": "Russia",
          "geoPoint": {
            "lat": 55.75204,
            "lon": 37.61781
          }
        },
        {
          "facility": "State Budgetary Healthcare Institution Nizhny Novgorod Regional Clinical Oncology Dispensary",
          "city": "Nizhny Novgorod",
          "state": "Nizhny Novgorod Oblast",
          "zip": "603081",
          "country": "Russia",
          "geoPoint": {
            "lat": 56.32867,
            "lon": 44.00205
          }
        },
        {
          "facility": "Bih of Omsk Region Clinical Oncology Dispensary",
          "city": "Omsk",
          "state": "Omsk Oblast",
          "zip": "644013",
          "country": "Russia",
          "geoPoint": {
            "lat": 54.99244,
            "lon": 73.36859
          }
        },
        {
          "facility": "State Budgetary Healthcare Institution Samara Regional Clinical Oncology Dispensary",
          "city": "Samara",
          "state": "Samaraskaya Oblast'",
          "zip": "443031",
          "country": "Russia",
          "geoPoint": {
            "lat": 53.20767,
            "lon": 50.13553
          }
        },
        {
          "facility": "Llc Av Medical Group",
          "city": "Saint Petersburg",
          "state": "Sankt-Peterburg",
          "zip": "197082",
          "country": "Russia",
          "geoPoint": {
            "lat": 59.93863,
            "lon": 30.31413
          }
        },
        {
          "facility": "Chungbuk National University Hospital",
          "city": "Cheongju-si",
          "state": "Chungcheongbukdo",
          "zip": "28644",
          "country": "South Korea",
          "geoPoint": {
            "lat": 36.63722,
            "lon": 127.48972
          }
        },
        {
          "facility": "Keimyung University Dongsan Hospital",
          "city": "Dalseogu",
          "state": "Daegu Gwang'yeogsi",
          "zip": "42601",
          "country": "South Korea"
        },
        {
          "facility": "The Catholic University of Korea Bucheon St Marys Hospital",
          "city": "Bucheon-si",
          "state": "Gyeonggi-do",
          "zip": "14647",
          "country": "South Korea",
          "geoPoint": {
            "lat": 37.49889,
            "lon": 126.78306
          }
        },
        {
          "facility": "Cha Bundang Medical Center, Cha University",
          "city": "Gyeonggido",
          "state": "Gyeonggi-do",
          "zip": "13496",
          "country": "South Korea"
        },
        {
          "facility": "The Catholic University of Korea, St Vincents Hospital",
          "city": "Suwon",
          "state": "Gyeonggi-do",
          "zip": "16247",
          "country": "South Korea",
          "geoPoint": {
            "lat": 37.29111,
            "lon": 127.00889
          }
        },
        {
          "facility": "Kyungpook National University Chilgok Hospital",
          "city": "Daegu",
          "state": "Gyeongsangbukdo",
          "zip": "41404",
          "country": "South Korea",
          "geoPoint": {
            "lat": 35.87028,
            "lon": 128.59111
          }
        },
        {
          "facility": "The Catholic University of Korea, Eunpyeong St Marys Hospital",
          "city": "Eunpyeonggu",
          "state": "Seoul Teugbyeolsi",
          "zip": "03312",
          "country": "South Korea"
        },
        {
          "facility": "Severance Hospital Yonsei University Health System",
          "city": "Seoul",
          "state": "Seoul Teugbyeolsi",
          "zip": "03722",
          "country": "South Korea",
          "geoPoint": {
            "lat": 37.566,
            "lon": 126.9784
          }
        },
        {
          "facility": "Hospital Universitario Fundacion Alcorcon",
          "city": "Alcorcón",
          "zip": "28922",
          "country": "Spain",
          "geoPoint": {
            "lat": 40.34582,
            "lon": -3.82487
          }
        },
        {
          "facility": "Hospital Del Mar",
          "city": "Barcelona",
          "zip": "08003",
          "country": "Spain",
          "geoPoint": {
            "lat": 41.38879,
            "lon": 2.15899
          }
        },
        {
          "facility": "Hospital de La Santa Creu I Sant Pau",
          "city": "Barcelona",
          "zip": "08025",
          "country": "Spain",
          "geoPoint": {
            "lat": 41.38879,
            "lon": 2.15899
          }
        },
        {
          "facility": "Hospital Universitario Vall Dhebron",
          "city": "Barcelona",
          "zip": "08035",
          "country": "Spain",
          "geoPoint": {
            "lat": 41.38879,
            "lon": 2.15899
          }
        },
        {
          "facility": "Hospital Universitari Quiron Dexeus",
          "city": "Barcelona",
          "zip": "8028",
          "country": "Spain",
          "geoPoint": {
            "lat": 41.38879,
            "lon": 2.15899
          }
        },
        {
          "facility": "Hospital General Universitario de Elche",
          "city": "Elche",
          "zip": "3203",
          "country": "Spain",
          "geoPoint": {
            "lat": 38.26218,
            "lon": -0.70107
          }
        },
        {
          "facility": "Ico Girona",
          "city": "Girona",
          "zip": "17007",
          "country": "Spain",
          "geoPoint": {
            "lat": 41.98311,
            "lon": 2.82493
          }
        },
        {
          "facility": "Hospital Universitario de Jaen",
          "city": "Jaén",
          "zip": "23007",
          "country": "Spain",
          "geoPoint": {
            "lat": 37.76922,
            "lon": -3.79028
          }
        },
        {
          "facility": "Complejo Hospitalario Universitario Insular Gran Canaria",
          "city": "Las Palmas",
          "zip": "35016",
          "country": "Spain",
          "geoPoint": {
            "lat": 28.58232,
            "lon": -16.16555
          }
        },
        {
          "facility": "Hospital Universitario Lucus Augusti",
          "city": "Lugo",
          "zip": "27003",
          "country": "Spain",
          "geoPoint": {
            "lat": 43.00992,
            "lon": -7.55602
          }
        },
        {
          "facility": "Hospital Clinico San Carlos",
          "city": "Madrid",
          "zip": "28040",
          "country": "Spain",
          "geoPoint": {
            "lat": 40.4165,
            "lon": -3.70256
          }
        },
        {
          "facility": "Start Madrid Fundacion Jimenez Diaz",
          "city": "Madrid",
          "zip": "28040",
          "country": "Spain",
          "geoPoint": {
            "lat": 40.4165,
            "lon": -3.70256
          }
        },
        {
          "facility": "Hospital Universitario Doce de Octubre",
          "city": "Madrid",
          "zip": "28041",
          "country": "Spain",
          "geoPoint": {
            "lat": 40.4165,
            "lon": -3.70256
          }
        },
        {
          "facility": "Hospital Universitario La Paz",
          "city": "Madrid",
          "zip": "28046",
          "country": "Spain",
          "geoPoint": {
            "lat": 40.4165,
            "lon": -3.70256
          }
        },
        {
          "facility": "Hospital Universitario Puerta de Hierro Majadahonda",
          "city": "Majadahonda",
          "zip": "28222",
          "country": "Spain",
          "geoPoint": {
            "lat": 40.47353,
            "lon": -3.87182
          }
        },
        {
          "facility": "Hospital Regional Universitario de Malaga",
          "city": "Málaga",
          "zip": "29010",
          "country": "Spain",
          "geoPoint": {
            "lat": 36.72016,
            "lon": -4.42034
          }
        },
        {
          "facility": "Hospital Universitario Virgen de La Victoria",
          "city": "Málaga",
          "zip": "29010",
          "country": "Spain",
          "geoPoint": {
            "lat": 36.72016,
            "lon": -4.42034
          }
        },
        {
          "facility": "Hospital General Universitario Morales Meseguer",
          "city": "Murcia",
          "zip": "30008",
          "country": "Spain",
          "geoPoint": {
            "lat": 37.98704,
            "lon": -1.13004
          }
        },
        {
          "facility": "Complexo Hospitalario Universitario de Ourense",
          "city": "Ourense",
          "zip": "32005",
          "country": "Spain",
          "geoPoint": {
            "lat": 42.33669,
            "lon": -7.86407
          }
        },
        {
          "facility": "Hospital Universitari Son Espases",
          "city": "Palma de Mallorca",
          "zip": "07120",
          "country": "Spain",
          "geoPoint": {
            "lat": 39.56939,
            "lon": 2.65024
          }
        },
        {
          "facility": "Hospital Universitario Virgen Del Rocio",
          "city": "Seville",
          "zip": "41013",
          "country": "Spain",
          "geoPoint": {
            "lat": 37.38283,
            "lon": -5.97317
          }
        },
        {
          "facility": "Hospital Universitario Nuestra Senora de Valme",
          "city": "Seville",
          "zip": "41014",
          "country": "Spain",
          "geoPoint": {
            "lat": 37.38283,
            "lon": -5.97317
          }
        },
        {
          "facility": "Hospital Arnau de Vilanova",
          "city": "Valencia",
          "zip": "46015",
          "country": "Spain",
          "geoPoint": {
            "lat": 39.47391,
            "lon": -0.37966
          }
        },
        {
          "facility": "Hospital Universitari I Politecnic La Fe",
          "city": "Valencia",
          "zip": "46026",
          "country": "Spain",
          "geoPoint": {
            "lat": 39.47391,
            "lon": -0.37966
          }
        },
        {
          "facility": "Changhua Christian Hospital",
          "city": "Changhua",
          "zip": "50006",
          "country": "Taiwan",
          "geoPoint": {
            "lat": 24.0692,
            "lon": 120.5512
          }
        },
        {
          "facility": "Kaohsiung Chang Gung Memorial Hospital",
          "city": "Kaohsiung City",
          "zip": "83301",
          "country": "Taiwan",
          "geoPoint": {
            "lat": 22.61626,
            "lon": 120.31333
          }
        },
        {
          "facility": "Chung Shan Medical University Hospital",
          "city": "Taichung",
          "zip": "40201",
          "country": "Taiwan",
          "geoPoint": {
            "lat": 24.1469,
            "lon": 120.6839
          }
        },
        {
          "facility": "Taipei Veterans General Hospital",
          "city": "Taipei",
          "zip": "11217",
          "country": "Taiwan",
          "geoPoint": {
            "lat": 25.05306,
            "lon": 121.52639
          }
        },
        {
          "facility": "Taipei Tzu Chi Hospital",
          "city": "Taipei",
          "zip": "231405",
          "country": "Taiwan",
          "geoPoint": {
            "lat": 25.05306,
            "lon": 121.52639
          }
        },
        {
          "facility": "Linkou Chang Gung Memorial Hospital",
          "city": "Taoyuan District",
          "zip": "33305",
          "country": "Taiwan",
          "geoPoint": {
            "lat": 24.9896,
            "lon": 121.3187
          }
        },
        {
          "facility": "National Taiwan University Hospital Yunlin Branch",
          "city": "Yunlin",
          "zip": "640",
          "country": "Taiwan"
        },
        {
          "facility": "Siriraj Hospital",
          "city": "Bangkok",
          "zip": "10700",
          "country": "Thailand",
          "geoPoint": {
            "lat": 13.75398,
            "lon": 100.50144
          }
        },
        {
          "facility": "Songklanagarind Hospital (Prince of Songkhla University)",
          "city": "Hat Yai",
          "zip": "90110",
          "country": "Thailand",
          "geoPoint": {
            "lat": 7.00836,
            "lon": 100.47668
          }
        },
        {
          "facility": "Chulabhorn Research Institute",
          "city": "Lak Si",
          "zip": "10210",
          "country": "Thailand",
          "geoPoint": {
            "lat": 13.88724,
            "lon": 100.5792
          }
        },
        {
          "facility": "Srinagarind Hospital (Khon Kaen University)",
          "city": "Muang",
          "zip": "40002",
          "country": "Thailand"
        },
        {
          "facility": "Maharaj Nakorn Chiang Mai Hospital (Chiang Mai University)",
          "city": "Muang",
          "zip": "50200",
          "country": "Thailand"
        },
        {
          "facility": "Phramongkutklao Hospital",
          "city": "Ratchathewi",
          "zip": "10400",
          "country": "Thailand",
          "geoPoint": {
            "lat": 13.759,
            "lon": 100.53358
          }
        },
        {
          "facility": "Rajavithi Hospital",
          "city": "Ratchathewi",
          "zip": "10400",
          "country": "Thailand",
          "geoPoint": {
            "lat": 13.759,
            "lon": 100.53358
          }
        },
        {
          "facility": "Acibadem Adana Hospital",
          "city": "Adana",
          "zip": "01130",
          "country": "Turkey (Türkiye)",
          "geoPoint": {
            "lat": 36.98615,
            "lon": 35.32531
          }
        },
        {
          "facility": "Baskent University Practice and Research Hospital Adana Medical Oncology Department",
          "city": "Adana",
          "zip": "1240",
          "country": "Turkey (Türkiye)",
          "geoPoint": {
            "lat": 36.98615,
            "lon": 35.32531
          }
        },
        {
          "facility": "Dr Abdurrahman Yurtaslan Ankara Oncology Training and Research Hospital",
          "city": "Ankara",
          "zip": "06200",
          "country": "Turkey (Türkiye)",
          "geoPoint": {
            "lat": 39.91987,
            "lon": 32.85427
          }
        },
        {
          "facility": "Memorial Ankara Hospital",
          "city": "Ankara",
          "zip": "6520",
          "country": "Turkey (Türkiye)",
          "geoPoint": {
            "lat": 39.91987,
            "lon": 32.85427
          }
        },
        {
          "facility": "Inonu Universitesi Tip Fakultesi",
          "city": "Battalgazi",
          "zip": "44280",
          "country": "Turkey (Türkiye)",
          "geoPoint": {
            "lat": 38.42286,
            "lon": 38.3585
          }
        },
        {
          "facility": "Tr Trakya University Health Research and Application Center (Hospital)",
          "city": "Edirne",
          "zip": "22030",
          "country": "Turkey (Türkiye)",
          "geoPoint": {
            "lat": 41.67719,
            "lon": 26.55597
          }
        },
        {
          "facility": "Iu C, Clinical Research Excellence Application and Research Center",
          "city": "Istanbul",
          "zip": "34098",
          "country": "Turkey (Türkiye)",
          "geoPoint": {
            "lat": 41.01384,
            "lon": 28.94966
          }
        },
        {
          "facility": "Tr Ministry of Health Goztepe Prof Dr Suleyman Yalcin City Hospital",
          "city": "Istanbul",
          "zip": "34722",
          "country": "Turkey (Türkiye)",
          "geoPoint": {
            "lat": 41.01384,
            "lon": 28.94966
          }
        },
        {
          "facility": "Ege University Medical Faculty",
          "city": "Izmir",
          "zip": "35100",
          "country": "Turkey (Türkiye)",
          "geoPoint": {
            "lat": 38.41273,
            "lon": 27.13838
          }
        },
        {
          "facility": "Kocaeli Universitesi Tip Fakultesi",
          "city": "Kocaeli",
          "zip": "41380",
          "country": "Turkey (Türkiye)",
          "geoPoint": {
            "lat": 39.62497,
            "lon": 27.51145
          }
        },
        {
          "facility": "Necmettin Erbakan University Selcuklu Faculty of Medicine",
          "city": "Meram",
          "zip": "42090",
          "country": "Turkey (Türkiye)",
          "geoPoint": {
            "lat": 37.82985,
            "lon": 32.46777
          }
        },
        {
          "facility": "Mersin City Hospital",
          "city": "Mersin City Hospital",
          "zip": "33240",
          "country": "Turkey (Türkiye)"
        },
        {
          "facility": "Medical Center of Limited Liability Company Mriya Med Service",
          "city": "Kryvyi Rih",
          "zip": "50000",
          "country": "Ukraine",
          "geoPoint": {
            "lat": 47.90572,
            "lon": 33.39404
          }
        },
        {
          "facility": "Communal Non Profit Enterprisecentral Municipal Clinical Hospital of Uzhhorod City Council",
          "city": "Uzhhorod",
          "zip": "88000",
          "country": "Ukraine",
          "geoPoint": {
            "lat": 48.6242,
            "lon": 22.2947
          }
        },
        {
          "facility": "Zakarpatska Regional Clinical Oncological Center",
          "city": "Uzhhorod",
          "zip": "88011",
          "country": "Ukraine",
          "geoPoint": {
            "lat": 48.6242,
            "lon": 22.2947
          }
        }
      ]
    },
    "ipdSharingStatementModule": {
      "ipdSharing": "YES"
    }
  },
  "derivedSection": {
    "miscInfoModule": {
      "versionHolder": "2026-02-13",
      "removedCountries": [
        "Mexico"
      ]
    },
    "conditionBrowseModule": {
      "meshes": [
        {
          "id": "D002289",
          "term": "Carcinoma, Non-Small-Cell Lung"
        },
        {
          "id": "D009362",
          "term": "Neoplasm Metastasis"
        }
      ],
      "ancestors": [
        {
          "id": "D002283",
          "term": "Carcinoma, Bronchogenic"
        },
        {
          "id": "D001984",
          "term": "Bronchial Neoplasms"
        },
        {
          "id": "D008175",
          "term": "Lung Neoplasms"
        },
        {
          "id": "D012142",
          "term": "Respiratory Tract Neoplasms"
        },
        {
          "id": "D013899",
          "term": "Thoracic Neoplasms"
        },
        {
          "id": "D009371",
          "term": "Neoplasms by Site"
        },
        {
          "id": "D009369",
          "term": "Neoplasms"
        },
        {
          "id": "D008171",
          "term": "Lung Diseases"
        },
        {
          "id": "D012140",
          "term": "Respiratory Tract Diseases"
        },
        {
          "id": "D009385",
          "term": "Neoplastic Processes"
        },
        {
          "id": "D010335",
          "term": "Pathologic Processes"
        },
        {
          "id": "D013568",
          "term": "Pathological Conditions, Signs and Symptoms"
        }
      ]
    },
    "interventionBrowseModule": {
      "meshes": [
        {
          "id": "C000707970",
          "term": "tislelizumab"
        },
        {
          "id": "C582435",
          "term": "pembrolizumab"
        }
      ]
    }
  },
  "hasResults": false
}